{"names": ["O", "H", "H", "H", "H", "C", "H"], "links": [[0, 1], [0, 2], [0, 3], [0, 4], [0, 5], [5, 6]], "sizes": [5.0, 0.8, 0.8, 0.8, 0.8, 3, 0.8], "locations": [[4.708609501783579, -0.059283830247646156, 0.0], [0.538411175659257, 0.619959883099378, 0.0], [-0.13846345538960497, 0.7739810287359145, 0.0], [-0.6808456972048362, 0.3447314395970708, 0.0], [-0.680857876470504, -0.344534887291217, 0.0], [-0.5183578105609574, -2.81794452160288, 0.0], [0.4819581074791741, -0.6617505190906324, 0.0]]}